{
  "timestamp": "27-Feb-2026 14:11 IST",
  "current_price": 25333.650390625,
  "bias": "BEARISH",
  "confidence": "HIGH",
  "rsi": 37.074612066640995,
  "pcr": 0.611,
  "stop_loss": 25484.0,
  "risk_reward_ratio": 0.22,
  "heatmap_advance": 14,
  "heatmap_decline": 37
}