{
  "timestamp": "26-Feb-2026 13:14 IST",
  "current_price": 25433.94921875,
  "bias": "BEARISH",
  "confidence": "HIGH",
  "rsi": 43.843476006629075,
  "pcr": 0.675,
  "stop_loss": 25580.0,
  "risk_reward_ratio": 0.23,
  "heatmap_advance": 22,
  "heatmap_decline": 28
}