{
  "timestamp": "16-Mar-2026 14:58 IST",
  "current_price": 23454.349609375,
  "bias": "BEARISH",
  "confidence": "MEDIUM",
  "rsi": 22.093719699978806,
  "pcr": 1.052,
  "stop_loss": 23604.0,
  "risk_reward_ratio": 1.03,
  "heatmap_advance": 37,
  "heatmap_decline": 14
}