{
  "timestamp": "06-Apr-2026 11:51 IST",
  "current_price": 22668.150390625,
  "bias": "BEARISH",
  "confidence": "HIGH",
  "rsi": 39.88562244420483,
  "pcr": 0.896,
  "stop_loss": 22805.0,
  "risk_reward_ratio": 0.68,
  "heatmap_advance": 25,
  "heatmap_decline": 26
}