{
  "timestamp": "06-Mar-2026 14:25 IST",
  "current_price": 24614.150390625,
  "bias": "BEARISH",
  "confidence": "HIGH",
  "rsi": 34.616857162891804,
  "pcr": 0.805,
  "stop_loss": 24730.0,
  "risk_reward_ratio": 0.12,
  "heatmap_advance": 21,
  "heatmap_decline": 30
}