{
  "timestamp": "27-Feb-2026 12:09 IST",
  "current_price": 25293.900390625,
  "bias": "BEARISH",
  "confidence": "HIGH",
  "rsi": 36.37420994542833,
  "pcr": 0.601,
  "stop_loss": 25444.0,
  "risk_reward_ratio": 0.82,
  "heatmap_advance": 11,
  "heatmap_decline": 40
}