{
  "timestamp": "27-Feb-2026 12:43 IST",
  "current_price": 25274.69921875,
  "bias": "BEARISH",
  "confidence": "HIGH",
  "rsi": 36.045275174082214,
  "pcr": 0.552,
  "stop_loss": 25425.0,
  "risk_reward_ratio": 0.69,
  "heatmap_advance": 10,
  "heatmap_decline": 41
}