{
  "timestamp": "26-Feb-2026 12:42 IST",
  "current_price": 25455.150390625,
  "bias": "BEARISH",
  "confidence": "HIGH",
  "rsi": 44.28858015310011,
  "pcr": 0.629,
  "stop_loss": 25605.0,
  "risk_reward_ratio": 0.03,
  "heatmap_advance": 21,
  "heatmap_decline": 30
}