{
  "timestamp": "06-Mar-2026 09:41 IST",
  "current_price": 24648.900390625,
  "bias": "BEARISH",
  "confidence": "HIGH",
  "rsi": 35.05419269080343,
  "pcr": 1.187,
  "stop_loss": 24730.0,
  "risk_reward_ratio": 0.29,
  "heatmap_advance": 12,
  "heatmap_decline": 39
}