{
  "timestamp": "27-Feb-2026 14:36 IST",
  "current_price": 25307.099609375,
  "bias": "BEARISH",
  "confidence": "HIGH",
  "rsi": 36.60382927884126,
  "pcr": 0.658,
  "stop_loss": 25457.0,
  "risk_reward_ratio": 0.21,
  "heatmap_advance": 13,
  "heatmap_decline": 37
}