{
  "timestamp": "26-Feb-2026 15:28 IST",
  "current_price": 25492.80078125,
  "bias": "BEARISH",
  "confidence": "HIGH",
  "rsi": 45.150428191825405,
  "pcr": 0.636,
  "stop_loss": 25630.0,
  "risk_reward_ratio": 0.13,
  "heatmap_advance": 27,
  "heatmap_decline": 24
}