{
  "timestamp": "06-Mar-2026 12:40 IST",
  "current_price": 24587.80078125,
  "bias": "BEARISH",
  "confidence": "HIGH",
  "rsi": 34.292448341230255,
  "pcr": 0.888,
  "stop_loss": 24730.0,
  "risk_reward_ratio": 0.44,
  "heatmap_advance": 20,
  "heatmap_decline": 31
}