{
  "timestamp": "27-Feb-2026 13:55 IST",
  "current_price": 25328.900390625,
  "bias": "BEARISH",
  "confidence": "HIGH",
  "rsi": 36.98950045262366,
  "pcr": 0.598,
  "stop_loss": 25479.0,
  "risk_reward_ratio": 0.19,
  "heatmap_advance": 14,
  "heatmap_decline": 37
}