{
  "timestamp": "06-Apr-2026 12:29 IST",
  "current_price": 22722.650390625,
  "bias": "BEARISH",
  "confidence": "HIGH",
  "rsi": 40.382393956858834,
  "pcr": 0.879,
  "stop_loss": 22855.0,
  "risk_reward_ratio": 0.74,
  "heatmap_advance": 29,
  "heatmap_decline": 22
}