{
  "timestamp": "26-Feb-2026 14:16 IST",
  "current_price": 25452.05078125,
  "bias": "BEARISH",
  "confidence": "HIGH",
  "rsi": 44.222942748654766,
  "pcr": 0.605,
  "stop_loss": 25602.0,
  "risk_reward_ratio": 0.01,
  "heatmap_advance": 22,
  "heatmap_decline": 29
}