{
  "timestamp": "10-Mar-2026 12:40 IST",
  "current_price": 24155.900390625,
  "bias": "BEARISH",
  "confidence": "MEDIUM",
  "rsi": 25.816640986132512,
  "pcr": 0.964,
  "stop_loss": 24305.0,
  "risk_reward_ratio": 0.37,
  "heatmap_advance": 37,
  "heatmap_decline": 14
}