{
  "timestamp": "30-Mar-2026 14:05 IST",
  "current_price": 22463.650390625,
  "bias": "BEARISH",
  "confidence": "HIGH",
  "rsi": 34.654307954930815,
  "pcr": 1.017,
  "stop_loss": 22580.0,
  "risk_reward_ratio": 0.55,
  "heatmap_advance": 7,
  "heatmap_decline": 44
}