{
  "timestamp": "26-Feb-2026 10:53 IST",
  "current_price": 25530.900390625,
  "bias": "BEARISH",
  "confidence": "MEDIUM",
  "rsi": 46.141111264401445,
  "pcr": 0.753,
  "stop_loss": 25655.0,
  "risk_reward_ratio": 0.25,
  "heatmap_advance": 32,
  "heatmap_decline": 19
}