{
  "timestamp": "27-Feb-2026 12:18 IST",
  "current_price": 25284.099609375,
  "bias": "BEARISH",
  "confidence": "HIGH",
  "rsi": 36.20556639136224,
  "pcr": 0.583,
  "stop_loss": 25434.0,
  "risk_reward_ratio": 0.75,
  "heatmap_advance": 11,
  "heatmap_decline": 40
}