{
  "timestamp": "06-Mar-2026 11:20 IST",
  "current_price": 24612.650390625,
  "bias": "BEARISH",
  "confidence": "HIGH",
  "rsi": 34.59822492339866,
  "pcr": 1.021,
  "stop_loss": 24730.0,
  "risk_reward_ratio": 0.11,
  "heatmap_advance": 16,
  "heatmap_decline": 35
}