{
  "timestamp": "26-Feb-2026 11:05 IST",
  "current_price": 25515.900390625,
  "bias": "BEARISH",
  "confidence": "MEDIUM",
  "rsi": 45.755376361633935,
  "pcr": 0.779,
  "stop_loss": 25655.0,
  "risk_reward_ratio": 0.11,
  "heatmap_advance": 28,
  "heatmap_decline": 23
}