{
  "timestamp": "27-Feb-2026 11:19 IST",
  "current_price": 25324.849609375,
  "bias": "BEARISH",
  "confidence": "HIGH",
  "rsi": 36.91722572737558,
  "pcr": 0.592,
  "stop_loss": 25475.0,
  "risk_reward_ratio": 1.02,
  "heatmap_advance": 12,
  "heatmap_decline": 39
}