{
  "timestamp": "06-Mar-2026 09:35 IST",
  "current_price": 24641.849609375,
  "bias": "BEARISH",
  "confidence": "HIGH",
  "rsi": 34.96456593088267,
  "pcr": 1.189,
  "stop_loss": 24755.0,
  "risk_reward_ratio": 0.37,
  "heatmap_advance": 12,
  "heatmap_decline": 39
}