{
  "timestamp": "27-Feb-2026 10:49 IST",
  "current_price": 25323.650390625,
  "bias": "BEARISH",
  "confidence": "HIGH",
  "rsi": 36.895883216407256,
  "pcr": 0.654,
  "stop_loss": 25474.0,
  "risk_reward_ratio": 1.01,
  "heatmap_advance": 12,
  "heatmap_decline": 39
}