{
  "timestamp": "06-Mar-2026 12:24 IST",
  "current_price": 24604.400390625,
  "bias": "BEARISH",
  "confidence": "HIGH",
  "rsi": 34.49610507221058,
  "pcr": 0.968,
  "stop_loss": 24730.0,
  "risk_reward_ratio": 0.04,
  "heatmap_advance": 20,
  "heatmap_decline": 31
}