{
  "timestamp": "26-Feb-2026 11:18 IST",
  "current_price": 25533.150390625,
  "bias": "BEARISH",
  "confidence": "MEDIUM",
  "rsi": 46.198498841527424,
  "pcr": 0.801,
  "stop_loss": 25655.0,
  "risk_reward_ratio": 0.27,
  "heatmap_advance": 30,
  "heatmap_decline": 20
}