{
  "timestamp": "16-Apr-2026 09:20 IST",
  "current_price": 24387.099609375,
  "bias": "BEARISH",
  "confidence": "HIGH",
  "rsi": 70.00502774011836,
  "pcr": 0.656,
  "stop_loss": 24505.0,
  "risk_reward_ratio": 1.16,
  "heatmap_advance": 41,
  "heatmap_decline": 10
}