{
  "timestamp": "27-Feb-2026 11:28 IST",
  "current_price": 25307.900390625,
  "bias": "BEARISH",
  "confidence": "HIGH",
  "rsi": 36.61785332823738,
  "pcr": 0.646,
  "stop_loss": 25458.0,
  "risk_reward_ratio": 0.91,
  "heatmap_advance": 12,
  "heatmap_decline": 39
}