{
  "timestamp": "24-Mar-2026 10:44 IST",
  "current_price": 22679.099609375,
  "bias": "BEARISH",
  "confidence": "HIGH",
  "rsi": 30.631348035849513,
  "pcr": 0.69,
  "stop_loss": 22829.0,
  "risk_reward_ratio": 1.19,
  "heatmap_advance": 38,
  "heatmap_decline": 13
}