{
  "timestamp": "27-Feb-2026 14:08 IST",
  "current_price": 25318.650390625,
  "bias": "BEARISH",
  "confidence": "HIGH",
  "rsi": 36.807163447855444,
  "pcr": 0.603,
  "stop_loss": 25469.0,
  "risk_reward_ratio": 0.12,
  "heatmap_advance": 13,
  "heatmap_decline": 37
}