{
  "timestamp": "26-Feb-2026 13:51 IST",
  "current_price": 25428.69921875,
  "bias": "BEARISH",
  "confidence": "HIGH",
  "rsi": 43.734634431065274,
  "pcr": 0.679,
  "stop_loss": 25579.0,
  "risk_reward_ratio": 0.19,
  "heatmap_advance": 23,
  "heatmap_decline": 28
}