{
  "timestamp": "11-Mar-2026 13:43 IST",
  "current_price": 23973.349609375,
  "bias": "BEARISH",
  "confidence": "MEDIUM",
  "rsi": 23.963328631875882,
  "pcr": 0.859,
  "stop_loss": 24105.0,
  "risk_reward_ratio": 0.94,
  "heatmap_advance": 13,
  "heatmap_decline": 37
}