{
  "timestamp": "27-Feb-2026 13:08 IST",
  "current_price": 25293.400390625,
  "bias": "BEARISH",
  "confidence": "HIGH",
  "rsi": 36.36556834685933,
  "pcr": 0.549,
  "stop_loss": 25443.0,
  "risk_reward_ratio": 0.82,
  "heatmap_advance": 11,
  "heatmap_decline": 40
}