{
  "timestamp": "27-Feb-2026 10:20 IST",
  "current_price": 25302.150390625,
  "bias": "BEARISH",
  "confidence": "HIGH",
  "rsi": 36.517391608228685,
  "pcr": 0.615,
  "stop_loss": 25452.0,
  "risk_reward_ratio": 0.87,
  "heatmap_advance": 8,
  "heatmap_decline": 43
}