{
  "timestamp": "27-Feb-2026 11:26 IST",
  "current_price": 25313.849609375,
  "bias": "BEARISH",
  "confidence": "HIGH",
  "rsi": 36.72237919191067,
  "pcr": 0.646,
  "stop_loss": 25464.0,
  "risk_reward_ratio": 0.95,
  "heatmap_advance": 12,
  "heatmap_decline": 39
}