{
  "timestamp": "27-Feb-2026 14:45 IST",
  "current_price": 25292.30078125,
  "bias": "BEARISH",
  "confidence": "HIGH",
  "rsi": 36.346578018361626,
  "pcr": 0.657,
  "stop_loss": 25442.0,
  "risk_reward_ratio": 0.12,
  "heatmap_advance": 11,
  "heatmap_decline": 39
}