{
  "timestamp": "05-Mar-2026 14:43 IST",
  "current_price": 24740.44921875,
  "bias": "BEARISH",
  "confidence": "HIGH",
  "rsi": 31.884181030822788,
  "pcr": 0.929,
  "stop_loss": 24880.0,
  "risk_reward_ratio": 0.47,
  "heatmap_advance": 37,
  "heatmap_decline": 13
}