{
  "timestamp": "06-Mar-2026 13:21 IST",
  "current_price": 24598.599609375,
  "bias": "BEARISH",
  "confidence": "HIGH",
  "rsi": 34.42466225309644,
  "pcr": 0.902,
  "stop_loss": 24730.0,
  "risk_reward_ratio": 0.37,
  "heatmap_advance": 20,
  "heatmap_decline": 31
}