{
  "timestamp": "06-Mar-2026 13:18 IST",
  "current_price": 24594.69921875,
  "bias": "BEARISH",
  "confidence": "HIGH",
  "rsi": 34.376790925721025,
  "pcr": 0.896,
  "stop_loss": 24730.0,
  "risk_reward_ratio": 0.33,
  "heatmap_advance": 21,
  "heatmap_decline": 30
}