{
  "timestamp": "26-Feb-2026 14:32 IST",
  "current_price": 25441.349609375,
  "bias": "BEARISH",
  "confidence": "HIGH",
  "rsi": 43.997822170563815,
  "pcr": 0.616,
  "stop_loss": 25580.0,
  "risk_reward_ratio": 0.12,
  "heatmap_advance": 21,
  "heatmap_decline": 30
}