{
  "timestamp": "27-Feb-2026 12:00 IST",
  "current_price": 25314.849609375,
  "bias": "BEARISH",
  "confidence": "HIGH",
  "rsi": 36.74000748190701,
  "pcr": 0.568,
  "stop_loss": 25465.0,
  "risk_reward_ratio": 0.96,
  "heatmap_advance": 12,
  "heatmap_decline": 39
}