{
  "timestamp": "07-Apr-2026 11:27 IST",
  "current_price": 22937.94921875,
  "bias": "BEARISH",
  "confidence": "HIGH",
  "rsi": 47.658999401520006,
  "pcr": 0.888,
  "stop_loss": 23030.0,
  "risk_reward_ratio": 0.68,
  "heatmap_advance": 17,
  "heatmap_decline": 34
}