{
  "timestamp": "06-Mar-2026 09:44 IST",
  "current_price": 24679.900390625,
  "bias": "BEARISH",
  "confidence": "HIGH",
  "rsi": 35.45376591814633,
  "pcr": 1.177,
  "stop_loss": 24805.0,
  "risk_reward_ratio": 0.44,
  "heatmap_advance": 13,
  "heatmap_decline": 38
}