{
  "timestamp": "06-Mar-2026 09:32 IST",
  "current_price": 24663.400390625,
  "bias": "BEARISH",
  "confidence": "HIGH",
  "rsi": 35.239962766367526,
  "pcr": 1.183,
  "stop_loss": 24780.0,
  "risk_reward_ratio": 0.33,
  "heatmap_advance": 15,
  "heatmap_decline": 36
}