{
  "timestamp": "27-Feb-2026 11:00 IST",
  "current_price": 25308.349609375,
  "bias": "BEARISH",
  "confidence": "HIGH",
  "rsi": 36.62572518391888,
  "pcr": 0.629,
  "stop_loss": 25458.0,
  "risk_reward_ratio": 0.92,
  "heatmap_advance": 12,
  "heatmap_decline": 39
}