{
  "timestamp": "06-Mar-2026 22:06 IST",
  "current_price": 24450.44921875,
  "bias": "BEARISH",
  "confidence": "HIGH",
  "rsi": 32.695284171625545,
  "pcr": 1.055,
  "stop_loss": 24600.0,
  "risk_reward_ratio": 0.17,
  "heatmap_advance": 10,
  "heatmap_decline": 41
}