{
  "timestamp": "06-Mar-2026 10:41 IST",
  "current_price": 24615.150390625,
  "bias": "BEARISH",
  "confidence": "HIGH",
  "rsi": 34.62928980883677,
  "pcr": 1.135,
  "stop_loss": 24730.0,
  "risk_reward_ratio": 0.13,
  "heatmap_advance": 14,
  "heatmap_decline": 36
}