{
  "timestamp": "30-Mar-2026 11:33 IST",
  "current_price": 22482.849609375,
  "bias": "BEARISH",
  "confidence": "HIGH",
  "rsi": 34.785331171740836,
  "pcr": 1.074,
  "stop_loss": 22605.0,
  "risk_reward_ratio": 0.06,
  "heatmap_advance": 5,
  "heatmap_decline": 46
}