{
  "timestamp": "27-Feb-2026 14:58 IST",
  "current_price": 25307.05078125,
  "bias": "BEARISH",
  "confidence": "HIGH",
  "rsi": 36.602974501338544,
  "pcr": 0.629,
  "stop_loss": 25457.0,
  "risk_reward_ratio": 0.21,
  "heatmap_advance": 13,
  "heatmap_decline": 38
}