{
  "timestamp": "30-Mar-2026 15:15 IST",
  "current_price": 22327.099609375,
  "bias": "BEARISH",
  "confidence": "HIGH",
  "rsi": 33.750161866402664,
  "pcr": 0.998,
  "stop_loss": 22455.0,
  "risk_reward_ratio": 0.21,
  "heatmap_advance": 4,
  "heatmap_decline": 47
}