{
  "timestamp": "27-Feb-2026 14:49 IST",
  "current_price": 25297.349609375,
  "bias": "BEARISH",
  "confidence": "HIGH",
  "rsi": 36.43393554637561,
  "pcr": 0.641,
  "stop_loss": 25447.0,
  "risk_reward_ratio": 0.15,
  "heatmap_advance": 12,
  "heatmap_decline": 39
}