{
  "timestamp": "06-Mar-2026 14:01 IST",
  "current_price": 24544.150390625,
  "bias": "BEARISH",
  "confidence": "HIGH",
  "rsi": 33.76821210172784,
  "pcr": 0.861,
  "stop_loss": 24694.0,
  "risk_reward_ratio": 0.29,
  "heatmap_advance": 17,
  "heatmap_decline": 34
}