{
  "timestamp": "27-Feb-2026 13:18 IST",
  "current_price": 25285.650390625,
  "bias": "BEARISH",
  "confidence": "HIGH",
  "rsi": 36.23214670423098,
  "pcr": 0.558,
  "stop_loss": 25436.0,
  "risk_reward_ratio": 0.76,
  "heatmap_advance": 11,
  "heatmap_decline": 40
}