{
  "timestamp": "26-Feb-2026 09:19 IST",
  "current_price": 25538.94921875,
  "bias": "BEARISH",
  "confidence": "HIGH",
  "rsi": 46.345839167482985,
  "pcr": 0.575,
  "stop_loss": 25655.0,
  "risk_reward_ratio": 0.12,
  "heatmap_advance": 36,
  "heatmap_decline": 12
}