{
  "timestamp": "07-Apr-2026 14:26 IST",
  "current_price": 23011.94921875,
  "bias": "BEARISH",
  "confidence": "HIGH",
  "rsi": 48.476215530645725,
  "pcr": 0.864,
  "stop_loss": 23162.0,
  "risk_reward_ratio": 0.41,
  "heatmap_advance": 26,
  "heatmap_decline": 25
}