{
  "timestamp": "06-Mar-2026 14:34 IST",
  "current_price": 24583.849609375,
  "bias": "BEARISH",
  "confidence": "HIGH",
  "rsi": 34.244326151105625,
  "pcr": 0.832,
  "stop_loss": 24705.0,
  "risk_reward_ratio": 0.49,
  "heatmap_advance": 20,
  "heatmap_decline": 31
}