{
  "timestamp": "06-Mar-2026 09:25 IST",
  "current_price": 24667.400390625,
  "bias": "BEARISH",
  "confidence": "HIGH",
  "rsi": 35.291556694280104,
  "pcr": 1.177,
  "stop_loss": 24780.0,
  "risk_reward_ratio": 0.38,
  "heatmap_advance": 17,
  "heatmap_decline": 34
}