{
  "timestamp": "06-Mar-2026 09:07 IST",
  "current_price": 24765.900390625,
  "bias": "BEARISH",
  "confidence": "HIGH",
  "rsi": 32.46795270199614,
  "pcr": 0.945,
  "stop_loss": 24880.0,
  "risk_reward_ratio": 0.14,
  "heatmap_advance": 39,
  "heatmap_decline": 12
}