{
  "timestamp": "27-Feb-2026 12:15 IST",
  "current_price": 25288.44921875,
  "bias": "BEARISH",
  "confidence": "HIGH",
  "rsi": 36.280217389291636,
  "pcr": 0.595,
  "stop_loss": 25438.0,
  "risk_reward_ratio": 0.78,
  "heatmap_advance": 11,
  "heatmap_decline": 40
}