{
  "timestamp": "07-Apr-2026 14:32 IST",
  "current_price": 23038.099609375,
  "bias": "BEARISH",
  "confidence": "HIGH",
  "rsi": 48.769625469024994,
  "pcr": 0.894,
  "stop_loss": 23188.0,
  "risk_reward_ratio": 0.59,
  "heatmap_advance": 30,
  "heatmap_decline": 20
}