{
  "timestamp": "11-Mar-2026 10:54 IST",
  "current_price": 24079.400390625,
  "bias": "BEARISH",
  "confidence": "HIGH",
  "rsi": 24.70231300213206,
  "pcr": 0.673,
  "stop_loss": 24229.0,
  "risk_reward_ratio": 1.37,
  "heatmap_advance": 14,
  "heatmap_decline": 37
}