{
  "timestamp": "30-Mar-2026 14:51 IST",
  "current_price": 22372.150390625,
  "bias": "BEARISH",
  "confidence": "HIGH",
  "rsi": 34.043197108498674,
  "pcr": 1.018,
  "stop_loss": 22480.0,
  "risk_reward_ratio": 0.21,
  "heatmap_advance": 4,
  "heatmap_decline": 47
}