{
  "timestamp": "06-Mar-2026 15:17 IST",
  "current_price": 24427.849609375,
  "bias": "BEARISH",
  "confidence": "MEDIUM",
  "rsi": 32.446634408729366,
  "pcr": 1.121,
  "stop_loss": 24578.0,
  "risk_reward_ratio": 0.35,
  "heatmap_advance": 10,
  "heatmap_decline": 41
}