{
  "timestamp": "27-Feb-2026 10:32 IST",
  "current_price": 25331.849609375,
  "bias": "BEARISH",
  "confidence": "HIGH",
  "rsi": 37.042299188273795,
  "pcr": 0.602,
  "stop_loss": 25482.0,
  "risk_reward_ratio": 1.07,
  "heatmap_advance": 10,
  "heatmap_decline": 41
}