{
  "timestamp": "26-Feb-2026 11:03 IST",
  "current_price": 25517.849609375,
  "bias": "BEARISH",
  "confidence": "MEDIUM",
  "rsi": 45.805813863570506,
  "pcr": 0.806,
  "stop_loss": 25655.0,
  "risk_reward_ratio": 0.13,
  "heatmap_advance": 29,
  "heatmap_decline": 22
}