{
  "timestamp": "11-Mar-2026 09:36 IST",
  "current_price": 24199.349609375,
  "bias": "BEARISH",
  "confidence": "MEDIUM",
  "rsi": 25.595058752636334,
  "pcr": 0.858,
  "stop_loss": 24330.0,
  "risk_reward_ratio": 0.19,
  "heatmap_advance": 22,
  "heatmap_decline": 28
}