{
  "timestamp": "26-Feb-2026 13:29 IST",
  "current_price": 25435.349609375,
  "bias": "BEARISH",
  "confidence": "HIGH",
  "rsi": 43.87260011136095,
  "pcr": 0.599,
  "stop_loss": 25580.0,
  "risk_reward_ratio": 0.24,
  "heatmap_advance": 23,
  "heatmap_decline": 28
}