{
  "timestamp": "05-Mar-2026 15:27 IST",
  "current_price": 24740.599609375,
  "bias": "BEARISH",
  "confidence": "HIGH",
  "rsi": 31.887660170623136,
  "pcr": 1.056,
  "stop_loss": 24880.0,
  "risk_reward_ratio": 0.47,
  "heatmap_advance": 39,
  "heatmap_decline": 12
}