{
  "timestamp": "26-Feb-2026 13:26 IST",
  "current_price": 25445.80078125,
  "bias": "BEARISH",
  "confidence": "HIGH",
  "rsi": 44.091182489744156,
  "pcr": 0.593,
  "stop_loss": 25580.0,
  "risk_reward_ratio": 0.15,
  "heatmap_advance": 25,
  "heatmap_decline": 26
}