{
  "timestamp": "07-Apr-2026 23:57 IST",
  "current_price": 23123.650390625,
  "bias": "BEARISH",
  "confidence": "HIGH",
  "rsi": 49.706591686861884,
  "pcr": 0.884,
  "stop_loss": 23205.0,
  "risk_reward_ratio": 0.6,
  "heatmap_advance": 38,
  "heatmap_decline": 13
}