{
  "timestamp": "27-Feb-2026 10:48 IST",
  "current_price": 25318.400390625,
  "bias": "BEARISH",
  "confidence": "HIGH",
  "rsi": 36.80273865818897,
  "pcr": 0.654,
  "stop_loss": 25468.0,
  "risk_reward_ratio": 0.98,
  "heatmap_advance": 12,
  "heatmap_decline": 39
}