{
  "timestamp": "06-Apr-2026 13:02 IST",
  "current_price": 22789.599609375,
  "bias": "BEARISH",
  "confidence": "HIGH",
  "rsi": 41.208478925573736,
  "pcr": 0.885,
  "stop_loss": 22905.0,
  "risk_reward_ratio": 0.78,
  "heatmap_advance": 33,
  "heatmap_decline": 17
}