{
  "timestamp": "26-Feb-2026 13:17 IST",
  "current_price": 25415.55078125,
  "bias": "BEARISH",
  "confidence": "HIGH",
  "rsi": 43.464401428164955,
  "pcr": 0.623,
  "stop_loss": 25555.0,
  "risk_reward_ratio": 0.11,
  "heatmap_advance": 20,
  "heatmap_decline": 31
}