{
  "timestamp": "07-Apr-2026 14:23 IST",
  "current_price": 23007.849609375,
  "bias": "BEARISH",
  "confidence": "HIGH",
  "rsi": 48.42991249605038,
  "pcr": 0.861,
  "stop_loss": 23158.0,
  "risk_reward_ratio": 0.39,
  "heatmap_advance": 24,
  "heatmap_decline": 27
}