{
  "timestamp": "26-Feb-2026 13:01 IST",
  "current_price": 25431.849609375,
  "bias": "BEARISH",
  "confidence": "HIGH",
  "rsi": 43.79988253411829,
  "pcr": 0.687,
  "stop_loss": 25580.0,
  "risk_reward_ratio": 0.21,
  "heatmap_advance": 23,
  "heatmap_decline": 28
}