{
  "timestamp": "11-Mar-2026 11:10 IST",
  "current_price": 24083.099609375,
  "bias": "BEARISH",
  "confidence": "HIGH",
  "rsi": 24.72891347063532,
  "pcr": 0.691,
  "stop_loss": 24233.0,
  "risk_reward_ratio": 0.89,
  "heatmap_advance": 13,
  "heatmap_decline": 38
}