{
  "timestamp": "26-Feb-2026 12:39 IST",
  "current_price": 25442.400390625,
  "bias": "BEARISH",
  "confidence": "HIGH",
  "rsi": 44.01982592820166,
  "pcr": 0.627,
  "stop_loss": 25580.0,
  "risk_reward_ratio": 0.13,
  "heatmap_advance": 21,
  "heatmap_decline": 30
}