{
  "timestamp": "26-Feb-2026 13:45 IST",
  "current_price": 25442.349609375,
  "bias": "BEARISH",
  "confidence": "HIGH",
  "rsi": 44.01876204348623,
  "pcr": 0.635,
  "stop_loss": 25580.0,
  "risk_reward_ratio": 0.13,
  "heatmap_advance": 22,
  "heatmap_decline": 28
}