{
  "timestamp": "06-Apr-2026 11:32 IST",
  "current_price": 22603.099609375,
  "bias": "BEARISH",
  "confidence": "HIGH",
  "rsi": 39.35232095629148,
  "pcr": 0.898,
  "stop_loss": 22730.0,
  "risk_reward_ratio": 0.81,
  "heatmap_advance": 18,
  "heatmap_decline": 32
}