{
  "timestamp": "11-Mar-2026 09:39 IST",
  "current_price": 24195.650390625,
  "bias": "BEARISH",
  "confidence": "MEDIUM",
  "rsi": 25.566563329183367,
  "pcr": 0.892,
  "stop_loss": 24330.0,
  "risk_reward_ratio": 0.15,
  "heatmap_advance": 20,
  "heatmap_decline": 31
}