{
  "timestamp": "26-Feb-2026 15:03 IST",
  "current_price": 25495.55078125,
  "bias": "BEARISH",
  "confidence": "HIGH",
  "rsi": 45.223153664044354,
  "pcr": 0.661,
  "stop_loss": 25630.0,
  "risk_reward_ratio": 0.34,
  "heatmap_advance": 25,
  "heatmap_decline": 26
}