{
  "timestamp": "26-Feb-2026 10:34 IST",
  "current_price": 25536.400390625,
  "bias": "BEARISH",
  "confidence": "MEDIUM",
  "rsi": 46.281176436907394,
  "pcr": 0.762,
  "stop_loss": 25655.0,
  "risk_reward_ratio": 0.31,
  "heatmap_advance": 30,
  "heatmap_decline": 19
}