{
  "timestamp": "26-Feb-2026 14:13 IST",
  "current_price": 25449.150390625,
  "bias": "BEARISH",
  "confidence": "HIGH",
  "rsi": 44.16169996092537,
  "pcr": 0.592,
  "stop_loss": 25599.0,
  "risk_reward_ratio": 0.33,
  "heatmap_advance": 23,
  "heatmap_decline": 28
}