{
  "timestamp": "11-Mar-2026 11:23 IST",
  "current_price": 24026.94921875,
  "bias": "BEARISH",
  "confidence": "HIGH",
  "rsi": 24.331211117494604,
  "pcr": 0.677,
  "stop_loss": 24177.0,
  "risk_reward_ratio": 1.18,
  "heatmap_advance": 14,
  "heatmap_decline": 37
}