{
  "timestamp": "27-Feb-2026 11:03 IST",
  "current_price": 25319.400390625,
  "bias": "BEARISH",
  "confidence": "HIGH",
  "rsi": 36.82044420306264,
  "pcr": 0.615,
  "stop_loss": 25469.0,
  "risk_reward_ratio": 0.99,
  "heatmap_advance": 12,
  "heatmap_decline": 39
}