{
  "timestamp": "06-Apr-2026 11:20 IST",
  "current_price": 22612.150390625,
  "bias": "BEARISH",
  "confidence": "HIGH",
  "rsi": 39.42566570218982,
  "pcr": 0.896,
  "stop_loss": 22755.0,
  "risk_reward_ratio": 0.79,
  "heatmap_advance": 19,
  "heatmap_decline": 31
}