{
  "timestamp": "06-Apr-2026 12:59 IST",
  "current_price": 22798.849609375,
  "bias": "BEARISH",
  "confidence": "HIGH",
  "rsi": 41.320817900860995,
  "pcr": 0.862,
  "stop_loss": 22905.0,
  "risk_reward_ratio": 0.93,
  "heatmap_advance": 33,
  "heatmap_decline": 18
}