{
  "timestamp": "06-Mar-2026 10:28 IST",
  "current_price": 24650.650390625,
  "bias": "BEARISH",
  "confidence": "HIGH",
  "rsi": 35.076509224022544,
  "pcr": 1.084,
  "stop_loss": 24730.0,
  "risk_reward_ratio": 0.32,
  "heatmap_advance": 19,
  "heatmap_decline": 32
}