{
  "timestamp": "26-Feb-2026 11:55 IST",
  "current_price": 25463.150390625,
  "bias": "BEARISH",
  "confidence": "HIGH",
  "rsi": 44.45889221970091,
  "pcr": 0.675,
  "stop_loss": 25605.0,
  "risk_reward_ratio": 0.09,
  "heatmap_advance": 21,
  "heatmap_decline": 30
}