{
  "timestamp": "30-Mar-2026 14:32 IST",
  "current_price": 22393.650390625,
  "bias": "BEARISH",
  "confidence": "HIGH",
  "rsi": 34.184846188300966,
  "pcr": 0.992,
  "stop_loss": 22480.0,
  "risk_reward_ratio": 0.22,
  "heatmap_advance": 5,
  "heatmap_decline": 46
}