{
  "timestamp": "26-Feb-2026 13:42 IST",
  "current_price": 25440.400390625,
  "bias": "BEARISH",
  "confidence": "HIGH",
  "rsi": 43.97796407274605,
  "pcr": 0.635,
  "stop_loss": 25580.0,
  "risk_reward_ratio": 0.11,
  "heatmap_advance": 22,
  "heatmap_decline": 29
}