{
  "timestamp": "26-Feb-2026 14:51 IST",
  "current_price": 25503.150390625,
  "bias": "BEARISH",
  "confidence": "HIGH",
  "rsi": 45.423130872908274,
  "pcr": 0.642,
  "stop_loss": 25630.0,
  "risk_reward_ratio": 0.22,
  "heatmap_advance": 27,
  "heatmap_decline": 24
}