{
  "timestamp": "06-Apr-2026 15:15 IST",
  "current_price": 22983.099609375,
  "bias": "BEARISH",
  "confidence": "HIGH",
  "rsi": 43.472324356090226,
  "pcr": 0.872,
  "stop_loss": 23105.0,
  "risk_reward_ratio": 0.27,
  "heatmap_advance": 45,
  "heatmap_decline": 6
}