{
  "timestamp": "06-Apr-2026 10:15 IST",
  "current_price": 22654.849609375,
  "bias": "BEARISH",
  "confidence": "HIGH",
  "rsi": 39.775407188593036,
  "pcr": 0.878,
  "stop_loss": 22780.0,
  "risk_reward_ratio": 0.64,
  "heatmap_advance": 20,
  "heatmap_decline": 31
}