{
  "timestamp": "26-Feb-2026 15:30 IST",
  "current_price": 25493.349609375,
  "bias": "BEARISH",
  "confidence": "HIGH",
  "rsi": 45.164957715356614,
  "pcr": 0.635,
  "stop_loss": 25630.0,
  "risk_reward_ratio": 0.13,
  "heatmap_advance": 28,
  "heatmap_decline": 23
}