{
  "timestamp": "11-Mar-2026 10:51 IST",
  "current_price": 24090.849609375,
  "bias": "BEARISH",
  "confidence": "HIGH",
  "rsi": 24.784828592268425,
  "pcr": 0.662,
  "stop_loss": 24241.0,
  "risk_reward_ratio": 0.61,
  "heatmap_advance": 13,
  "heatmap_decline": 38
}