{
  "timestamp": "11-Mar-2026 11:04 IST",
  "current_price": 24108.349609375,
  "bias": "BEARISH",
  "confidence": "HIGH",
  "rsi": 24.912023460410566,
  "pcr": 0.689,
  "stop_loss": 24258.0,
  "risk_reward_ratio": 0.72,
  "heatmap_advance": 15,
  "heatmap_decline": 36
}