{
  "timestamp": "07-Apr-2026 14:54 IST",
  "current_price": 23060.650390625,
  "bias": "BEARISH",
  "confidence": "HIGH",
  "rsi": 49.01997714479198,
  "pcr": 0.867,
  "stop_loss": 23205.0,
  "risk_reward_ratio": 0.77,
  "heatmap_advance": 30,
  "heatmap_decline": 20
}