{
  "timestamp": "10-Mar-2026 09:39 IST",
  "current_price": 24097.150390625,
  "bias": "BEARISH",
  "confidence": "HIGH",
  "rsi": 24.448803452334246,
  "pcr": 0.689,
  "stop_loss": 24247.0,
  "risk_reward_ratio": 0.65,
  "heatmap_advance": 33,
  "heatmap_decline": 17
}