{
  "timestamp": "07-Apr-2026 14:20 IST",
  "current_price": 22999.099609375,
  "bias": "BEARISH",
  "confidence": "HIGH",
  "rsi": 48.33080672241511,
  "pcr": 0.877,
  "stop_loss": 23149.0,
  "risk_reward_ratio": 0.33,
  "heatmap_advance": 23,
  "heatmap_decline": 28
}