{
  "timestamp": "06-Mar-2026 09:38 IST",
  "current_price": 24671.900390625,
  "bias": "BEARISH",
  "confidence": "HIGH",
  "rsi": 35.34978074258234,
  "pcr": 1.192,
  "stop_loss": 24780.0,
  "risk_reward_ratio": 0.43,
  "heatmap_advance": 12,
  "heatmap_decline": 39
}