{
  "timestamp": "27-Feb-2026 14:55 IST",
  "current_price": 25301.599609375,
  "bias": "BEARISH",
  "confidence": "HIGH",
  "rsi": 36.50779749887502,
  "pcr": 0.632,
  "stop_loss": 25452.0,
  "risk_reward_ratio": 0.18,
  "heatmap_advance": 14,
  "heatmap_decline": 37
}