{
  "timestamp": "27-Feb-2026 12:06 IST",
  "current_price": 25312.599609375,
  "bias": "BEARISH",
  "confidence": "HIGH",
  "rsi": 36.70036760401789,
  "pcr": 0.585,
  "stop_loss": 25463.0,
  "risk_reward_ratio": 0.94,
  "heatmap_advance": 11,
  "heatmap_decline": 40
}