{
  "timestamp": "06-Apr-2026 15:18 IST",
  "current_price": 22972.150390625,
  "bias": "BEARISH",
  "confidence": "HIGH",
  "rsi": 43.348888118507205,
  "pcr": 0.872,
  "stop_loss": 23080.0,
  "risk_reward_ratio": 0.67,
  "heatmap_advance": 44,
  "heatmap_decline": 7
}