{
  "timestamp": "06-Mar-2026 09:57 IST",
  "current_price": 24635.19921875,
  "bias": "BEARISH",
  "confidence": "HIGH",
  "rsi": 34.880447784710626,
  "pcr": 1.155,
  "stop_loss": 24730.0,
  "risk_reward_ratio": 0.37,
  "heatmap_advance": 13,
  "heatmap_decline": 38
}