{
  "timestamp": "27-Feb-2026 10:51 IST",
  "current_price": 25319.349609375,
  "bias": "BEARISH",
  "confidence": "HIGH",
  "rsi": 36.819544682782265,
  "pcr": 0.641,
  "stop_loss": 25469.0,
  "risk_reward_ratio": 0.99,
  "heatmap_advance": 12,
  "heatmap_decline": 39
}