{
  "timestamp": "27-Feb-2026 10:35 IST",
  "current_price": 25325.849609375,
  "bias": "BEARISH",
  "confidence": "HIGH",
  "rsi": 36.93504162813955,
  "pcr": 0.552,
  "stop_loss": 25476.0,
  "risk_reward_ratio": 1.03,
  "heatmap_advance": 11,
  "heatmap_decline": 40
}