{
  "timestamp": "11-Mar-2026 11:07 IST",
  "current_price": 24098.400390625,
  "bias": "BEARISH",
  "confidence": "HIGH",
  "rsi": 24.83955011210648,
  "pcr": 0.681,
  "stop_loss": 24248.0,
  "risk_reward_ratio": 0.66,
  "heatmap_advance": 15,
  "heatmap_decline": 36
}