{
  "timestamp": "06-Apr-2026 12:10 IST",
  "current_price": 22664.599609375,
  "bias": "BEARISH",
  "confidence": "HIGH",
  "rsi": 39.85613962043824,
  "pcr": 0.892,
  "stop_loss": 22805.0,
  "risk_reward_ratio": 0.64,
  "heatmap_advance": 23,
  "heatmap_decline": 28
}