{
  "timestamp": "07-Apr-2026 14:35 IST",
  "current_price": 23020.150390625,
  "bias": "BEARISH",
  "confidence": "HIGH",
  "rsi": 48.56859456422046,
  "pcr": 0.853,
  "stop_loss": 23170.0,
  "risk_reward_ratio": 0.47,
  "heatmap_advance": 27,
  "heatmap_decline": 24
}