{
  "timestamp": "06-Apr-2026 12:01 IST",
  "current_price": 22679.099609375,
  "bias": "BEARISH",
  "confidence": "HIGH",
  "rsi": 39.976811182833586,
  "pcr": 0.866,
  "stop_loss": 22805.0,
  "risk_reward_ratio": 0.63,
  "heatmap_advance": 24,
  "heatmap_decline": 27
}