{
  "timestamp": "26-Feb-2026 12:49 IST",
  "current_price": 25447.349609375,
  "bias": "BEARISH",
  "confidence": "HIGH",
  "rsi": 44.12376109851672,
  "pcr": 0.643,
  "stop_loss": 25597.0,
  "risk_reward_ratio": 0.32,
  "heatmap_advance": 20,
  "heatmap_decline": 31
}