{
  "timestamp": "27-Feb-2026 13:52 IST",
  "current_price": 25317.650390625,
  "bias": "BEARISH",
  "confidence": "HIGH",
  "rsi": 36.789470670025224,
  "pcr": 0.584,
  "stop_loss": 25468.0,
  "risk_reward_ratio": 0.12,
  "heatmap_advance": 12,
  "heatmap_decline": 39
}