{
  "timestamp": "01-Apr-2026 15:26 IST",
  "current_price": 22684.099609375,
  "bias": "BEARISH",
  "confidence": "MEDIUM",
  "rsi": 35.253143895048424,
  "pcr": 0.844,
  "stop_loss": 22834.0,
  "risk_reward_ratio": 1.23,
  "heatmap_advance": 40,
  "heatmap_decline": 11
}