{
  "timestamp": "06-Mar-2026 10:31 IST",
  "current_price": 24633.099609375,
  "bias": "BEARISH",
  "confidence": "HIGH",
  "rsi": 34.85397465966486,
  "pcr": 1.135,
  "stop_loss": 24730.0,
  "risk_reward_ratio": 0.34,
  "heatmap_advance": 16,
  "heatmap_decline": 35
}